id,title,body,score,num_comments
18ay2s2,"Finally, a worthy millennial bloodline to take us into the future.",,19849,516
194dkqv,Warning to younger millennials‚Ä¶extra writing to fulfill the minimum,,19329,1058
182z60u,I brought my kid to a mall on Black Friday. It brought a tear to my eye.,I remember being his age and this exact spot being elbow-to-elbow crowds! So many memories.,19163,2458
17s83gl,"The idea of having this much in SAVINGS is wild to me! In this economy, how?!","If you are the 1 in 6 with this much savings, seriously good for you. ‚ù§Ô∏è",18673,2690
195hzmy,Where do the 35-40 year old people hangout on the weekend???,Especially during the winter if you‚Äôre in a cold area like me. Stay warm this weekend! ,15245,1640
18qhor0,My boyfriend is upset. He's getting older and he feels people aren't trying as hard at Christmas.,"I just feel so upset for him. We just opened our christmas gifts this morning, and he got shower gels from pretty much everyone. He tried to not seem upset, but he did eventually start expressing how it made him feel. He feels that now he is a 33 year-old man, people in his life just aren't caring or wanting to try anymore to give him nice gifts this time of year. He really does not ask for much in life, he just always looks forward to Christmas. He puts in  a lot of effort for everyone elses' gifts, and it didn't look like he got the same in return. Even for his secret santa, someone got him golf-balls and he's never expressed any interest in golfing!

&#x200B;

Do people just stop trying when it comes to getting meaningful gifts for the 30-year-old men in their lives? Do we just sound like spoilt brats right now? I really hope not lol. We are super chill, hardworking people so it isn't that we don't know how to be greatful or anything like that. When he told me he's afraid that the older he gets, the more he will just be forgotten, it devastated me. I hate that he feels that way and I didn't know if others his age are going through something similar. I think I'm just trying to get this off my chest to the one sub that I think might understand. I hope you are all having a lovely Christmas! ",15089,10102
185wkry,GenXer‚Äôs take on broke millennials and why they put up with this,"As a GenXer in my early 50‚Äôs who works with highly educated and broke millennials, I just feel bad for them. 
1) Debt slaves: These millennials were told to go to school and get a good job and their lives will be  better. What happened: Millennials became debt slaves, with no hope of ever paying off their debt. On a mental level, they are so anxious because their backs are against a wall everyday. They have no choice, but to tread water in life everyday. What a terrible way to live. 
2) Our youth was so much better. I never worried about money until I got married at 30 years old. In my 20s, I quit my jobs all of the time and travelled the world with a backpack and had a college degree and no debt at 30. I was free for my 20s. I can‚Äôt imagine not having that time to be healthy, young and getting sex on a regular basis. 
3) The music offered a counterpoint to capitalism. Alternative Rock said things weren‚Äôt about money and getting ahead. It dealt with your feelings of isolation, sadness, frustration without offering some product to temporarily relieve your pain. It offered empathy instead of consumer products. 
4) Housing was so cheap:  Apartments were so cheap. I‚Äôm talking 300 dollars a month cheap. Easily affordable! Then we bought cheap houses and now we are millionaires or close. Millennials can not even afford a cheap apartment. 
5) Our politicians aren‚Äôt listening to millennials and offer no solutions. Why you all do not band together and elect some politicians from your generation who can help, I‚Äôllnever know. Instead, a lot of the media seems to try and distract you with things to be outraged about like Bud Light and Litter Boxes in school bathrooms. Weird shit that doesn‚Äôt matter or affect your lives. 
Just my take, but how long can millennials take all this bullshit without losing their minds. Society stole their freedom, their money, their future and their hope.

Update:  I didn‚Äôt think this post would go viral. My purpose was to get out of my bubble after speaking to some millennials at work about their lives and realizing how difficult, different and stressful their lives have been. I only wanted to learn. 
A couple of things I wanted to clear up:  I was not privileged. Traveling was a priority for me so I would save 10 grand, then quit and travel the world for a few months, then repeat. This was possible because I had no debt because tuition at my state school was 3000 dollars a year and a room off campus in Buffalo NY in the early 90s was about 150 dollars a month. I lived with 5 other people in a house in college. When I graduated I moved in with a friend at about 350 a month give or take. 
I don‚Äôt blame millennials for not coming together politically. I know the major parties don‚Äôt want them to. I was more or less trying to understand if they felt like they should engage in an open revolt. ",14004,3879
18oj2ij,"No, we‚Äôve managed to evolve beyond food and all other biological necessities",,12998,782
192q6qv,We're gonna kill the Death Industry! Let's just throw our ashes into the sea!,"My parents will eventually die, and they have plans for funerals which will cost me and my siblings more than is left from their estate.

 Here's to me, my spouse, and all of you bankrupting the death Industry. Those vultures need nothing from us. Goodbye, I die, fuck off with your casket and ceremony! Bury me or burn me, I don't give a shit",12382,3514
18al0tm,Millennials feel ‚Äòabandoned‚Äô by parents not available to help raise grandkids: ‚ÄòToo busy‚Äô,"Some millennial parents say they feel ‚Äúabandoned‚Äù by their baby boomer parents, who‚Äôve chosen to travel in their retirement, rather than stay home and help raise their grandchildren.

https://nypost.com/2023/12/03/lifestyle/millennials-feel-abandoned-by-parents-not-available-to-help-raise-grandkids/amp/",12081,4866
18gv7wr,"We all know 2020 brought the Pandemic, but does anyone else feel it brought something else malignant along with it?","I use the word malignant because it‚Äôs the best description I‚Äôve got. Sometime after lockdowns it‚Äôs like something in the air shifted, it seems like something wholesome has left us and in its place is a rot/sickness is festering. 

Maybe I‚Äôm crazy and just need therapy and medication but I‚Äôve recently asked some of my friends and they‚Äôve all said they feel it to. Something they can‚Äôt put their finger on is in the air and it isn‚Äôt good. 

Asking my fellow millennials because I‚Äôve found we seem decently intuitive as a whole (for the most part).",10517,3854
17n1fqt,Can someone explain this? I'm 32 and at loss - seen in the wild,,10096,1677
1890xqk,The country before Wall St stole the real economy and bought your soul,"I know, right?",10047,827
179vx2h,"Honestly, we got shafted... Our generation has had it so rough, with no end in sight.","I can't help but feel like our generation just completely got the short end of the stick. Born to parents that were coming out of the drug filled 80's, was raised by my grandparents until I was 6 when my parents, divorced when I was 1, finally kicked the partying and drugs, got their act together and decided to take custody of me. Had to start working at 14 and pay rent to help my family, both sides, with rent and bills. Bought my own beat up first car. Took out student loans to get out of town and go to college, just in time for everything to collapse in 2008. Had to move home to help my parents survive being evicted because of landlords not paying their mortgage and pocketing their rent for years. Terrible jobs in my 20s after our government started two never ending wars, bailed out airlines, car companies, and corrupt banks with garbage wages leftover for us. Finally meet my wife late 20s, and now have extremely high inflation, costs 80k to put a 20% down payment on a house at a 7.5% interest rate for a house that is valued 120k over what it's actually worth... Can't even begin to think about affording children. This sucks folks. We got fucked. Hard!",9563,3223
18pbjn6,"To respond to the ""not all millennial are fucked"" post, let me tell you about a conversation I had with my uncle","I love my uncle, but he's been pretty wealthy for a pretty long time. He thought I was being dramatic when I said how bad things were right now and how I longed for a past where one income could buy a house and support a family. 

We did some math. My grandpa bought his first house in 1973 for about 20K. We looked up the median income and found in 1973 my grandpa would have paid 2x the median income for his house. Despite me making well over today's median income, I'm looking to pay roughly 4x my income for a house. My uncle doesn't doubt me anymore. 

Some of you Millenials were lucky enough to buy houses 5+ years ago when things weren't completely fucked. Well, things right now are completely fucked. And it's 100% a systemic issue. 

For those who are lucky enough to be doing well right now, please look outside of your current situation and realize people need help. And please vote for people who honestly want to change things.

Rant over.

Edit: spelling 

Edit: For all the people asking, I'm looking at a 2-3 bedroom house in a decent neighborhood. I'm not looking for anything fancy. Pretty much exactly what my grandpa bought in 1973. Also he bought a 1500 sq foot house for everyone who's asking 

Edit: Enough people have asked that I'm gonna go ahead and say I like the policies of Progressive Democrats, and apparently I need to clarify, Progressive Democrats like Bernie Sanders, not establishment Dems ",9316,2537
18z3rm6,Is anyone else tired of sports betting getting shoved in your face?,I feel like I‚Äôve never seen it as bad as it is now. Even to the point where broadcasters talk about parlays mid-game. How is this any better than plugging any other potentially addictive behavior?,9267,1252
1985hqd,Any other millennials think about dying alone if you have no kids?,"I‚Äôve been watching my sick grandfather go through the process of dying right now and what he wanted was to be around his family at home, not in the hospital. All of us take turns sitting next to him.

Myself (41) , and a lot of friends my age have no children. Since this has happened, I think that when I get old I will have no family and die alone. No family to spend Christmas with, no family or kids to look after me. 

Does anyone else think about these kind of things? Our generation isn‚Äôt having as many kids it seems for a lot of reasons but it‚Äôs scary to think about spending our older years alone.

EDIT: After reading the replies and discussions, I think I am more sad now than I was before just seeing how most of us millennials look at life, having children, and being alone. It‚Äôs very grim. Everyone seems so alone and depressed and accepting of it. Is it normal that a whole generation of people feel so detached or indifferent about the importance of forming family bonds and having kids?

Edit 2- I thought I‚Äôd add it‚Äôs not that I want kids to take care of me I want kids to have a family and be able to feel loved and surrounded when I‚Äôm older instead of alone. I do not want to just have kids to be caregivers. When I said kids to look after me, I meant be there to support each other just like family has done for each other for thousands of years. Our society is built on family at the most basic level. That‚Äôs not being selfish. But so many people are talking about kids and family like they have no role or obligations in our lives or say it‚Äôs selfish to have kids just because you don‚Äôt want to be alone and I find that so bizarre. 

EDIT: I do have a girlfriend, 2 cats and a dog for those of you who DM‚Äôd me telling me they hope i die alone‚Ä¶ like 4 people DM‚Äôd me saying that. ",9152,4540
18kg3kg,"Millennials make more money than any other generation did at their age, but are way less wealthy. The affordability crisis is to blame.","I was arguing with a parent regarding this, and they kept saying how Millenials have more money than any generation.   I said it may be sl, but doesn't matter if the cost of items went up higher than salaries, but they kept insisting that it wasn't true.  Anyone else have a similar experience discussing finances with GenX or Boomer people?",9119,1113
1792zxk,If most people cannot afford kids - while 60 years ago people could aford 2-5 - then we are definitely a lot poorer,"Being able to afford a house and 2-5 kids was the norm 60 years ago.

Nowadays people can either afford non of these things or can just about finance a house but no kids. 

The people that can afford both are perhaps 20% of the population.

Child care is so expensive that you need basically one income so that the state takes care of 1-2 children (never mind 3 or 4). Or one parent has to earn enough so that the other parent can stay at home and take care of the kids.

So no Millenails are not earning just 20% less than Boomers at the same state in their life as an article claimed recently but more like 50 or 60% less. ",9039,2115
190bedi,Has anyone else just lost any desire to buy things? Going to stores sucks now and everything is so expensive.,"Sometimes last year I just lost all interest in buying anything other than groceries, and that's more because they're a necessity. 

Everything is so expensive and the experience of going into stores sucks now. Everywhere is so short staffed and things take forever, people are rude, and even the products themselves seem to suck more now than they used to. Heck even things like getting a prescription filled take forever and is such a headache now. 

I'm on the younger end of millennial so maybe this is just hitting adulthood but it feels like something happened last year and things are different now. Does anyone else feel this way too?",8579,1814
17pdytk,I strongly believe our generation will be responsible for ‚ÄúIPad Kids‚Äù.,"Let‚Äôs face it. Millennials are going to be held responsible for bad parenting in the next 20 years and for the generations to come. These kids are going to be uneducated, illiterate, and emotionally unstable. I know our generation gets blamed on for everything thing but this the one thing I think we‚Äôll be the most responsible for in the near future.",8498,3062
17qt6oz,Not B*omer vs. Millenial meme. No need to insult them. They taught us some good things,,8422,938
193gkbg,Millennials will have to pay the price of their parents not saving enough for retirement,,8416,2526
18w1712,"I woke up on the first day of 2024 feeling like a sad, unaccomplished loser","Another year into the toilet. 

I'm in my 40s now. I've accomplished nothing during my time on this planet.

I'm going through a damn mid life crisis.

I see people half my age with twice as much done and twice the enthusiasm for life.

I see people my age who are successful and have achieved a lot in life.

My youth was wasted being depressed and escaping into video games and movies.

I am still working my miserable 9-5 rat race job.

I don't have enough money.

My marriage is meh at best.

I have no talents.

I'm still socially awkward and don't really have friends despite my best efforts.

Sadness, frustration, and anxiety seems to be my default state.

I look at the past and see regret. I look to the future and see despair.

I want to be enthusiastic about my future but I see no reason to feel this way.

Thanks for listening. Happy new year.",8094,1133
17tjeny,Apparently Millennials Put An End To ‚ÄòGrin & Bear It‚Äô and I Wholeheartedly Agree!,"I had a conversation with my therapist about millennials, specifically her millennial clients (no names or details obviously). She said she noticed a common trait amongst millennials - we don‚Äôt grin and bear it like Gen X and definitely Baby Boomers. 

She said the need to appease elders at the detriment of our wellbeing seen heavily with Baby Boomers is not something we adopted.

We‚Äôre the generation that believes in therapy. We‚Äôre the generation that made boundaries ‚Äúcool.‚Äù 

I‚Äôve gotten into many arguments with my Boomer mother over my parenting style and decisions pertaining to my work and marriage and it‚Äôs mainly because I don‚Äôt appease or consider her in my decisions.

I had a friend whose Boomer mother told her she wished she was as brave as her to stand up to her own mother back in the day. 

I say all this to give us our props. I‚Äôm proud of us. We learned a lot from our parents foolishness and I hope we‚Äôre doing better for ourselves and the kids in our lives.

Edit: horrendous grammar mistakes",8066,1184
18ezpc4,The reality for millennials is bleak. Were we a gaslit generation?,Our entire generation was gaslit into believing a lie and forgotten about (pushed aside) when the veil was lifted.,7796,1405
172dhvf,First they told us to go into STEM - now its the trades. Im so tired of this,"20 years ago: Go into STEM you will make good money.

People went into STEM and most dont make good money.

""You people are so entitled and stupid. Should have gone into trades - why didnt you go into trades?""

Because most people in trades also dont make fantastic money? Because the market is constantly shifting and its impossible to anticipate what will be in demand in 10 year?",7335,2269
184nhro,Are there any other millenials on here who are not on TikTok?,"I know it's the app of Gen Z, we had MySpace Facebook and Twitter and maybe insta. But I just couldn't with one more. So I didn't. I think I tried it out for thirty minutes once and deleted.",6911,3536
188d875,How many of you have asked your parents for help buying a home?,Statistics are showing that more and more millennials are going to the bank of Mom and Dad,6656,4402
175mb44,"Millennials , are you turning conservative as you age? Or are your political beliefs staying the same?","So in the western world , it‚Äôs been a trend where boomers turn conservatives from liberals as they age 

So millennials, do you think it‚Äôll happen to you too?",6423,13111
17wg8yj,I remember in 5th grade having to write all my papers in cursive because I was told all of my college papers would be written like that. And if that doesn't sum up the experience of coming of age in the late '90s early 2000s I don't know what does.,We were essentially trained to be successful in a world that was dying off by people that didn't have the skills to see what would be coming next.,6412,750
186xsbm,Millennials say they have no one to support them as their parents seem to have traded in the child-raising village for traveling,,6406,1569
16z7go1,Guys...I've got a problem. My kid...is into the stupidest shit I've ever imagined. And I'm turning into a pissy old man that thinks everything new is trash.,"Now, our parents were treated to the likes of Rugrats, doug, hey arnold, rocco's modern life...What did we do to deserve the borderline mental torture that is vampirina, Blippi and Paw Patrol? I feel like a good percentage of us are probably parents dealing with this shit right now right? And I'm not saying we didn't have trash TV...but when it was trash it was at least educational. I assassinated Cocomelon young at our house. Grandma and grandpa got him onto that shit and after about a week of it I told him JJ fuckin died. But I can't be offing all these people. At some point he's gonna get suspicious. He knows how death works, he knows that they can't all be dead.   


The worse part is I know it's not gonna get any better when he's older. My niece is 10 and listens to the stupidest fucking music that I've ever heard...I feel like I'm starting to turn into a crotchety old man in my 30's...pretty soon I'm gonna start throwing hot pennies at kids playing on my lawn. Like I was with it 3 fucking years ago! We were into popular shit, going to music festivals, having fun...and now....I don't even know what it is! But somehow it includes pokemon again, just stupid fuckin pokemon +Pikachu, not the cool old ones. How did the world change in a few short years. We stopped paying attention to take care of our baby then toddler and now preschooler....and when we started paying attention again everything fucking sucks! Even Marvel sucks now, Amazon ruined lord of the rings, they're remaking harry potter...what the hell's going on with the world?  


Is this the decade we start turning into angry old Gen Xers and Boomers yelling about how shitty everything is? Or am I just ahead of everybody else?

*edit* holy shit guys...I usually don't end up with a popular post. I'm glad most of you got the humor. But like...in the meantime how do I turn off notifications for specific posts?? For fucks sake. I was hoping by today I could go back to using reddit again but it's just nonstop notifications.",6326,3471
192l0ce,When they blame millennials for killing industries it actually means the industries killed themselves through their own greed and millennials weren't dumb enough to keep getting ripped off,title,6299,731
1943w5v,Not a dime saved for retirement at 31 years old. I feel like Our generation faces an uphill battle with retirement. Anyone in the same boat?,How are we as a generation supposed to save for retirement while also struggling to afford life?,6246,3038
18u67iq,The 90s weren't some magical Utopia... You were just young then.,"This is in response to the recent post that said ""I cannot conceptionalize how we went from the awesomeness of the '90s to the s\*\*\* show that we're seeing today"". Obviously there are a lot of factors involved, the world changed post 9/11, social media means we're exposed to a lot more horrific things than ever before not to mention echo chambers. There were some really good comments explaining the ways in which life was better for some people during the 90s. But the same could be said about today if you cherry pick the good stuff.

Here's a list of ways the 90s was a shit show in no particular order. Feel free to add your own.

Rodney King and the LA riots

The Waco Seige

The Oklahoma City bombing

World Trade Center bombing

The AIDS crisis

The North Korean Famine

The hole in the Ozone layer

The Gulf War and the Oil Spill

The Yugoslav Wars

The Kosovo War

The Chechen-Russian conflict

The Bosnian Genocide

The Troubles (Northern Ireland)

Civil wars - Sri Lanka, Rwanda, Somalia, Sierra Leone, Djibouti, Algeria, Afghanistan, Burundi, Iraq, Congo... the list goes on

Heaven's Gate mass suicide

The shooting at Columbine

This isn't even including natural disasters, recessions or political scandals. The main difference is that back when all this was going on we were busy watching Teenage Mutant Ninja Turtles and sipping on juice boxes at the start of the decade and watching Buffy the Vampire Slayer and sneaking booze at the end of it.

The 90s weren't good or bad, better or worse, they were just the years when we were young and carefree.

Edit - America  ‚â†  The World

&#x200B;

&#x200B;

&#x200B;",6147,1703
18uiy2x,Are high school reunions a dying trend? Anyone else heard from their high school?,Was going through a 2004-2005 year book of mine playing the memory lane game and I thought I haven‚Äôt heard of my high school or other friends high schools doing reunions. Has this started to die down?,6139,4327
18pha4t,Annual Millennial Industry Assassination Meeting: What will we kill this year?,"Considering that we're killing all these industries, I think we should have a meeting about what we collectively wish to kill off in the new year so that we have our priorities in order and can more effectively eliminate our targets. More of a tactical strike that way. 

So, who are your contenders for things we should off in 2024?

My bid: Tipping on iPads for every single walk-up service.

Edit: Insurance tied to employment! Let's get the ball rolling on Universal Healthcare!",6125,1863
18o5snm,Are millennials not letting their kids spend the night at friends houses anymore? Is that not a thing?,"I've noticed a trend in parenting that has moved away from kids having more independent time from their parents and this has caused some strain on friendships between those with kids and those without. Lately there's been lots of discussion here about how millennials don't really use babysitters much anymore, and the cost is pointed at for being the biggest reason. But this leaves me wondering why babysitting is the only thing talked about in this case. 

I understand not everyone lives close to family that can watch the kids while they go have an adult hangout, but what happened to kids spending the night at friends houses? It used to be a thing that when kids made friends in school, they would spend the night at each others houses and that would serve as a great opportunity for parents to get their adult time. I guess it reminds me a lot of the ""it takes a village"" conversations that have happened here, and how this concept of sleepovers was essentially an element of that village mentality. It's not a rising cost issue, so what is it?",5968,3588
17iib91,Any other loser millennial out there who makes $25K or less per year?,"I get tired of seeing everyone somehow magically are able to get these decent paying jobs or high paying jobs and want to find people I can relate to who are stuck in low paying jobs with no escape. It would help me to not feel so much as a loser. I still never made more than $20K in a year though I am very close to doing that this year for the first time. Yes I work full time and yes I live alone. Please make fun of me and show me why social media sucks than.

*Edit: Um thanks for the mostly kind comments. I can't really keep track of them all, but I appreciate the kind folks out there fighting the struggle. Help those around you and spread kindness to make the world a less awful place.*

*Edit 2: To those who keep asking how do I survive on less than $25K a year, I introduce you to my monthly budget.*

```
$700 Rent
$ 35 Utility
$ 10 Internet
$ 80 Car Insurance
$ 32 Phone
$ 50 Gas
$400 Food and Essential Goods
$ 40 Laundry
$ 20 Gym
$1,367 Total.
```

*Edit 3: More common questions answered. Thank you for the overwhelmingly and shocking responses. We all in this struggle together and should try and help one another out in life.*

_**Pay?:** $16, yes it's after taxes taken out and at 35 hours per week._

_**High Cost of Living?:** Yes it high cost of living area in the city._

_**Where do you work at?:** A retirement home._

_How is your...  
**...Rent $700?:** I live in low income housing.  
**...Internet $10?:** I use low income ""Internet Essentials"".  
**...Phone $32?:** I use ""Tello"" phone service.  
**...Gas $50?:** My job is very close and I only go to the grocery stores and gym mainly._

",5919,3263
18mipe6,Millennials Are Killing The Gifting Industry ! What Do You Think About This ? üö´üéÅ,,5832,1697
18iiqo2,The Social Contract is Dead in America - Is it ever coming back?,"People are more rude and more inconsiderate than ever before. Aside from just the general rudeness and risks drivers take these days, it's little things too. Shopping carts almost never being returned, apartment neighbors practicing Saxophone (quite shittly too) with their windows open at 9pm.

Hell, I had to dumpster dive at 7am this morning cuz some asshole couldn't figure out how to turn off his fire alarm so he just threw it in the dumpster and made it somebody else's problem. As I'm writing this post (\~8am) my nextdoor neighbor - the dad - is screaming at his pre-teen daughter, cussing at her with fbombs and calling her a pussy for crying.

The complete destruction of community / respect for others is really making me question why the hell I'm living in this country

Edit: I've been in the Restaurant industry for 15 years, I've had tens of thousands of conversations with people. I have noticed a *clear* difference in the way people treat waitstaff AND each other at the table since around 2020.

Edit2: Rant aside, the distilled consensus I've been reading: Kinda yes, kinda no. Many posters from metropolitan areas have claimed to see a decline in behavior, whilst many posters in rural areas have seen a smaller decline or none at all. Others exist as exceptions to this general trend. Generally, many posters have noticed there is something \*off\* with many Americans these days.

As for the reason (from what I've gathered): Wealth inequality and difficulty in finding / building community. For those in America with communities they can be a part of, this ""I got mine attitude"" is lessened or non-existent.",5822,1821
16ehwfe,Are you aging into any form of more Conservative thinking?,"We read a lot about how millennials are not getting more conservative as they age like other generations may have.  Personally after the war in Iraq I don't think I could ever vote R in my life, not that they've given me any reason to.  But certain Gen-Z causes are kind of foreign to me.  I'd say I'm pretty economically Liberal but socially more moderate than young people.  I'm really turned off by identity politics for example.  What about you?",5602,9498
193730j,U.S. Millennials‚Ä¶ did D.A.R.E even teach or do anything for us?,"I was thinking about the D.A.R.E program and how just about all of my friends who remember doing it are currently pot heads (myself included). That entire program was so strange, I can‚Äôt say I remember anything they really taught us and my viewpoint on drugs is definitely different as an adult than what they taught. 

I remember at my elementary school, the police officer who came to teach the program did a ‚Äústranger danger‚Äù section too and decided that kidnapping kids in front of their class was a great idea to teach them a lesson as to why you don‚Äôt take candy from strangers. With no warning. Just grabbing us kids and running out of the building with us over his shoulder. I was one of the kids he picked because my dad worked for the town and he knew my dad. Another kid he picked peed himself he was so afraid. 

The entire program was so weird. Does anyone else have weird D.A.R.E. memories or did we just collectively hallucinate the whole thing?",5605,6121
16a1iio,"How many of y‚Äôall are raw doggin through life? No anti-depressants, weed, drugs, etc.?","I haven‚Äôt come across one millennial who doesn‚Äôt take meds for depression/anxiety or self-medicate. Are we all mentally ill? Lol

EDIT: Based on these responses, the majority of millennial redditors seem to be raw doggers.",5409,3070
18xgysx,Is our generation worse with house keeping than our parents or am I just delusional in noticing a generational crisis with this?,"So I was doing my regular new year cleaning/ decluttering and a thought occurred to me. Growing up in the 90s and early 2000s I feel like we all had that one friend. You know the friend whose house was a litteral hoarder house or just so unkept that you wondered if they owned a vacuum. No judgment on those friends we love you.  But now it feels like it‚Äôs not just that one friend but almost half the people I know live in homes/apartments that look like they haven‚Äôt been cleaned in years. Considering the mental health links to unkempt living conditions, I‚Äôm curious if it‚Äôs just my friend groups, just north west Ohio area, or if it‚Äôs a whole generational issue. I could also just have been unaware how many people had cluttered and unkempt homes in the past. Has anyone else noticed a growing number of their friends with issues keeping house?",5340,2675
17cc1fr,"We all realize the ‚ÄúMcDonalds Hot Coffee Lawsuit‚Äù was legitimate, right? TLDR: elderly woman got 3rd Degree burns on her crotch from overheated coffee requiring major surgery, then McD‚Äôs lawyers did a smear campaign to paint her lawsuit as greedy.","Feels rough having watched those Seinfeld episodes and late night episodes depicting the issue being a Luke warm coffee when it was doing 3rd degree burns and cost a shit ton  in medical expenses. 

And now we are getting similar cases happening again, link:

https://www.npr.org/2023/09/28/1201421914/a-woman-is-suing-mcdonalds-after-being-burned-by-hot-coffee-its-not-the-first-ti

We had South Park with the ‚ÄúDon‚Äôt Sue‚Äù Panda because of ‚ÄúFrivolous Lawsuits‚Äù. 

And it‚Äôs really only a few years ago that it‚Äôs become recognized that these frivolous lawsuit claims were corporations trying to avoid accountability.

Edit: to the people who are misremembering the facts:
* Woman was 79 years old. 
* She was the passenger of the car. 
* The car was stationary.
* She had the coffee between her lap. 
* The coffee was heated to a boiling point where two seconds of contact could cause 3rd degree burns. 
* She was wearing sweatpants that absorbed the coffee and spread the damage across her lower half. 
* She asked for $20,000 for medical fees and that McDonalds reduce the heat of the coffee. 
* McDonalds offered $800; they had settled 700 other coffee related incidents that caused burns previously.
* The company knew of previous incidents and did not take action to address the known issue. This was not a lone McDonalds franchisee making their own decision, the temperature was part of policy. 
* In the hearings McDonalds acknowledged that the coffee was too hot to drink when served.
* Jury awarded an insane amount. 
* Judge reduced the amount because the woman had a small amount of fault, but McDonalds was still asked to pay for their own fault.

The coffee wasn‚Äôt your typical, I made a pot and let it sit out on a small heater. It was at a boiling point.",5268,752
1741mld,Really sick of hearing about Taylor Swift. She's overrated. And that's that.,That's all I have to say.,5227,1634
18okqbh,"Unquestionably a number of people are doing pretty poorly, but they incorrectly assume it's the universal condition for our generation, there's a broad range of millennial financial situations beyond 'fucked'.",,5137,1947
18tccj5,"TIL millennials don't take lunch breaks, Forbes showing top notch research",,5097,1121
1853j2u,People with no kids live much differently than those with kids. Kids are extremely expensive.,"It costs approximately $320,000.00 per kid to raise them to age 18‚Ä¶according to Google.",5061,2804
18vkkpz,"""""People born between 1985 and 1995 are the most unique generation of all time. Here‚Äôs why"" - Ang Relidad","Directly taken from Ang Relidad's fb page. Posted July 7 2020 


""People born between 1985 and 1995 [give or take a few years each way] are the most unique generation of all time. Here‚Äôs why:

They are in-between two generations: the one before the internet and technology took over and the generation after.

The generation before us was old school and believed in working hard. The generation after us believes in working smart.

We saw it all: Radio, TV, Mario, Waptrick, Nokia, Nintendo 64, Samsung, iPhone, PS4, Tape, CD, DVD, MIXit, MIG32, Netflix, Snapchat, Emojis, and Virtual reality‚Ä¶

The generation before us can be scammed with simple emails asking for money and offering love. The generation after us knows it‚Äôs better to have four emails: one for serious stuff, social media, financial transactions and one for experiments for things you don‚Äôt trust

We are the generation that knows tradition and question it‚Ä¶ picking from it what makes sense to us. The generation before us knew no questions. The generation after us knows no tradition.

We are the gap between the industrial age and the internet age. We understand both sides from experience. We should be running the world! The old guys don‚Äôt understand what‚Äôs going on anymore; the new guys don‚Äôt fully understand where what‚Äôs going on came from.""



Edit: give or take a few years. Gen x is before ours. And the general point to the post (I am not the OC) Is that we have witnessed a major shift compared to the generations before ours. 


For those who want to participate in the discussion, this is really fun and cool, for those that would prefer to be above that, that is ofc your right, feel free to scroll away. I don't understand why some feel they need to announce it in the comments. This, like all posts, is not meant for everyone to enjoy discussing, and that's totally fine. But why not keep the dialogue for those interested in hanging out and talking. 


Happy y2k+24 years. ",5038,1304
17j8gv5,Millennials finally score a win! We‚Äôre too old for the draft!,"The youngest among us are now 27 and thus not eligible for a military draft.

So, uhhh, congratulations to millennials!‚Ä¶?

Good thing they can‚Äôt change the law during an emergency, right? Right‚Ä¶?

Sorry Gen Z. Looks like you‚Äôre drawing the short straw this generational cycle. 

Don‚Äôt worry, us Woverines will be here to hold the homeland when the invasion ‚Äúofficially‚Äù happens. 

/satire",4980,1009
16qygrl,I am tired how we are being destroyed financially - yet people that had it much easier than use whine how we dont have children,"I am a Middle Millenial - 34 years old. In the past few years my dreams had been crushed. All I ever wanted was a house and kids/family. Yet despite being much better educated than the previous generations and earning much more - I have 0 chance of every reaching this goal.

The cheapest House prices are 8x the average yearly salary. A few decades ago it was 4x the yearly salary.

Child care is expensive beyong belief. Food, electricity, gas, insurance prices through the roof.

Rent has increased by at least 50% during the past 5 years.

Even two people working full time have nearly no chance to finance a house and children.

Stress and pressure at work is 10x worse nowadays than before the rise of Emails.

Yet people that could finance a house, two cars and a family on one income lecture us how easy we have it because we have more stuff and cheap electronics. And they conmplain how we dont get children.

Its absurd and unreal and im tired of this.

And to hell with the CPI or ""official"" inflation numbers. These claim that official inflation between 2003 and 2023 was just 66%. Yet wages supposedly doubled during this time period and we are worse of.

Then why could people in 2003 afford a house so much more easier? Because its all lies and BS. Dont mind even the 60s. The purchasing power during this time was probably 2-3x higher than it was today. Thats how families lived mostly on one income.

&#x200B;

&#x200B;

&#x200B;",4958,1492
17fibfs,if you can afford to live on your own in todays times your truly blessed,,4923,692
1802upy,Is it normal most millennials don‚Äôt post anything on Facebook anymore?,"The other day I went stalking my former high school classmates on Facebook, and most of them haven‚Äôt posted anything in the past 5 years. Their Instagrams as well have like one post every couple years.

Most of my interactions with former classmates are in group chats now. Is that how it is for you guys as well?",4858,2847
1978mr1,"I was laying in bed last night thinking about the list of tragedies that they say we millennials have lived through, and despite the fact that my life is pretty decent - and others have had it much worse - there's definitely some validity there.","Some of my earliest memories of the broader world were in grade school being told about the aids epidemic and  if you had sex you were going to die.

Then when I was coming of age I learned that president could lie about getting blowjobs that I thought that was pretty bad.

Then I watched an election be decided by courts and not voters. 

Then the economics of the late 90s were shifting and I didn't have any money so I joined the military, and oops ‚Äì 911 happened.

Then I went to Iraq, so yeah that was fun.

Then I came home and I got through college just in time to graduate college in 2008. Oops again.

Then I got through that crisis and had to manage the PTSD that had suddenly sprung up between 2012 and 2016 because of my aforementioned vacation to the Middle East. 

Then we elected the assiest ass hole ever.

Then in 2019 I FINALLY got some momentum going and I decided to go back to school for nursing, JUST IN TIME FOR A FUCKING PANDEMIC.

I wonder what would've happened if Al Gore had actually been elected, if Bernie had been allowed to run for president, and the pandemic had not hit.

Again, despite all this I have carved out a decent living that I'm proud of, but at 43 it's been pretty bumpy. 

Also again, I know that most generations have had quite the struggle, we are not unique, but our struggle is fact.

EDIT: holy crap tastic this blew up. 

First of all I am not saying that I have had it harder than anybody else in previous generations, heck no. I would still rather be alive today than any other time in history simply because I'm not dying from some horrible but very easily preventable disease/trauma.

Just because previous generations had it harder doesn't mean our struggles are any less real.

Secondly, y'all are funny as hell. 

Finally, as a elder millennial myself, born in 1980, I may be in a smaller cohort than most of all. So my experience may not be the same as yours.

All that being said, please remember that your trauma, your struggles, and your experiences are no less valid just because somebody else had it harder than you. 

You're doing great, keep going!",4769,892
18brtlj,"How millennials learned to dread motherhood: To our generation, being a mom looks thankless, exhausting, and lonely. Can we change the story?",,4663,1624
16znwj2,I keep seeing how 50% of Millenials supposedly own a house - yet in 99% of the US homes are unaffordable for the average American. The data doesnt add up,"One headline claims that 51.5% of Millenials are home owners:

[https://www.marketplace.org/2023/09/28/most-millennials-are-homeowners-now/](https://www.marketplace.org/2023/09/28/most-millennials-are-homeowners-now/)

Yet a study claims that homes are unaffordable in 99% of the country for the average American:

[https://www.cbsnews.com/news/homes-for-sale-affordable-housing-prices/](https://www.cbsnews.com/news/homes-for-sale-affordable-housing-prices/)

""Researchers examined the median home prices last year for roughly 575  U.S. counties and found that home prices in 99% of those areas are  beyond the reach of the average income earner, who makes $71,214 a year,  according to ATTOM""

Also 1/3 of all Americans in the age 18-34 category still live at home with their parents:

[https://www.pewresearch.org/short-reads/2023/05/03/in-the-u-s-and-abroad-more-young-adults-are-living-with-their-parents/](https://www.pewresearch.org/short-reads/2023/05/03/in-the-u-s-and-abroad-more-young-adults-are-living-with-their-parents/)

How does this data add up?",4522,2373
16m2g3r,Any of Millennials without kids kind of loving life? I have a simple life and I love how the simplicity grants me so much freedom.,"What up? I am about to be 37. I bought a house in 2017 when I was making 10.93 an hour in Buffalo NY. It‚Äôs not a wonderful neighbor but it‚Äôs not terrible either. My mortgage is 400 a month and I own my car. My job doesn‚Äôt pay a lot but it isn‚Äôt stressful and my coworkers are nice. I have a great dog and some healthy hobbies. I don‚Äôt have kids nor want them and while everyone seems under-paid, over-worked and miserable, I‚Äôm just sitting here waiting to go kayaking and play volleyball, smoke a little weed and try to stay away from alcohol. I kept it simple and enjoy how simple everything is. It‚Äôs hard meeting women who don‚Äôt want kids but hopefully that will come. If not, I guess I can just read another book and go travel somewhere cool like Istanbul.",4472,1299
17rdeut,Is it just me or do millennials in general not 'keep house' like our parent's generation.,"Seems to be whenever I go to another millennials home that it is messy, cluttered, untidy, maybe even a bit dirty.  I know that we did not grow up like this.  So is this a trend and if so why?",4447,5097
18d0k7o,"The problems Millennials are dealing with are a result of bad policies. $33 Trillion in debt to pay for wars has created overwhelming inflation. Corporations who outsource jobs and insource cheap labor have ruined the job market. The 60's had hippies, where are the millennials working for change?","I see so many people hating on the boomers here, instead of hating on the politicians that have created this difficult existence.

Yes Boomers are selfish.  They had is so easy and instead of helping they are gaslighting us with their lifestyles. 

They are responsible for the political and economic situation by always voting for their own wallets and not for future generations.

But the fact is, they are selfish self absorbed people and they aren't going to change.

It will have to be millennials that stand up and change the course of the nation.",4434,1620
18kq5vg,2007 youth fashion (16 years ago.) Do these people look familiar?,,4421,1204
16oevjo,"Millennials have the lowest divorce rate in modern history, we are slaying marriage.","So I was looking into this and discovered that millennials have the lowest divorce rate going back a very long time at only 25%. Now this will no doubt rise as we age, but even adjusted across generations for comparable age levels we have an insanely low divorce rate right now.

Now I was thinking about the possible causes for this.

1. Millennials also have a lower rate of marriage than previous generations which means those of us that are choosing to get married are probably much more committed and prepared than those in previous generations

2. Millennials have the highest rate of college education of any generation and college education is linked to successful marriages statistically (22% divorce rate across all generations if both have a degree)

3. Economic uncertainty may be keeping people together that might otherwise want to split, but I still honestly think factor 1 is the most important here.  Millennials who aren‚Äôt prepared for marriage or are unsure of their partner just aren‚Äôt getting married in the first place.

In any case this seems like some good news for our generation‚Äôs married couples at least. So I was kind of psyched about it.",4406,1318
171mnkz,Why isn't anyone talking about the fact that millenials will be FREE caregivers for their elderly parents and other older relatives -- if they aren't already?,"Overlooked in the MANY staggering challenges that millenials face is that they're ALSO on the hook to be FREE caregivers for their elderly relatives.

You think you can take that great job across the country that will help you pay down your student loans faster? Think again.

You aren't going anywhere. Given older Americans' life expectancies, and that there aren't enough nursing home beds to meet the demand, YOU will be their caregiver, and you will most likely do it for free for DECADES.

I dropped out of the workforce to care for my mother, who was frail elderly but sharp as a tack, and it was THE MOST STRESSFUL thing I have ever done in my life.

I loved my mother and she was my best friend, but caregiving means you take a HUGE financial hit you can't afford.

Several states have filial responsibility laws. You are legally obligated to fund your loved one's care.

Mom's on the east coast; you're on the west coast. If you can't hire AND pay for a caregiver for her (or if she refuses to pay for one herself) you're upending your life and moving close to take care of mom.  Even if she lives in bumfuck and there are no good jobs in that area.

Just a heads up from this Gen Xer.

&#x200B;",4385,2212
1769zo4,We are the most abused but will be known as the greatest generation,,4272,903
17zcvpb,"Millennial parents are struggling: ""Outside the family tree, many of their peers either can't afford or are choosing not to have kids, making it harder for them to understand what their new-parent friends are dealing with.""",,4201,1223
1880kni,People born in the ‚Äò90s not recovering from mental health issues as they age: study,"""People born in the 1990s have the worst mental health of any generation before them ‚Äî and the millennials are not recovering as they age, a new study shows.""",4137,861
17rer1v,Whoopi Goldberg Criticized For Saying Millennials 'Only Want To Work 4 Hours',,4109,1502
18mu427,Millennials must really love libraries to hang out and relax,,4055,499
1927inf,"On this day in 2000, 24 years ago, Malcolm in the Middle began. Did you watch it while it was still airing?",,4042,522
18pu5ik,Elder/Older Millennials Starter Pack I hope this is accurate for all of you.,,4007,975
190rvji,Part of the reason millennials can‚Äôt afford homes.üè° Wall Street-backed landlord buys 264 Las Vegas homes in $98M deal - even though Sin City has nation's worst housing shortage - as study shows corporate sharks could own FORTY percent of all US homes by 2030,https://www.dailymail.co.uk/news/article-12934883/amp/Wall-Street-backed-landlord-buys-264-Las-Vegas-homes-98M-deal-Sin-City-nations-worst-housing-shortage-study-shows-corporate-sharks-FORTY-percent-homes-2030.html,3974,762
18yd17t,I never see anyone talk about how buying a home is a terrible investment,"Because of the absolute scam math banks use on mortgages.

Just as an example. Buying a house at 400,000 with 6.5 down and a 6.5% interest rate with a 30year mortgage will cost you 1,021,937.22 after 30 years.

Even if you put 20% down you still pay double the cost of the house at  881,142.36.

Why does no one talk about this? I wanted to buy a house but when I learned this I'm so turned off by the idea of spending 400k+ in interest to some fucking bank while also paying insurance for them incase i can't make payments as if they don't get the house if I default already.

I feel like this is the biggest scam that no one talks about.

Is there any smart way to buy a house besides saving up 400k or am I just looking at this wrong considering you'll actually be putting money into something you'll own vs renting?

Source of math : [https://www.mortgagecalculator.org/](https://www.mortgagecalculator.org/) with everything left to defaults except what i have posted. Thanks",3952,4974
18tplwz,"Am I the only one who feels like the 90s were an entirely different world and that this new "" Present "" world must have been altered by someone who went back in time and stepped on a fly or something?",I cannot conceptionalize how we went from the awesomeness of the '90s to the s*** show that we're seeing today play out in the current world I feel like the '90s made us excited about life I don't know how this generation can cope living in this world I feel that millenniums at least had something to Aspire to I don't know what the kids of this world get to Aspire to and I feel so bad for them,3927,1089
16zjpxf,Millenials will go down into history as the lost generatios - not by their own fault - but by the timing of their birth,"If you are one of the oldest Millenials - then you were 25 when the 2008 recession struck. Right at the beginning of your career you had a 1 in 100 years economic crisis. 12 years later we had Covid. In one or two years we will probably have the Great Depression 2.0.

We need degrees for jobs people could do just with HS just 50 years ago.

We have 10x the work load in the office because of 100 Emails every day.

We are expected to work until 70 - we are expected to be reachable 24/7 and work on our vacations

Inflation and living costs are the highest in decades.

Job competition is crazy. You need to do 10x to land a job than 50 years ago.

Wages have stagnated for decades - some jobs pay less now than they did 30 years ago. Difference is you now need a degree to get it and 10x more qualifications than previously.

Its a mess. Im just tired from all the stress. Tired from all the struggles. I will never be able to afford a house or family. But at least I have a 10 year old Plasma TV and a 5 year old Iphone with Internet.

These things are much better than owning a house and 10 000 square feet of land by the time you are 35.

And I cant hear the nonsensical compaints ""Bro houses are 2x bigger than 50 years ago - so naturally they cost more"". Yeah but properties are 1/3 or 1/2 smaller than they used to be 50 years ago. So it should even out. But no.",3871,1406
18xo17x,"Anyone else remember not being allowed to have so much as a discman at school without it being confiscated? And now kids can have smartphones? When, how, and why did this shift occur?","I dunno, maybe I went to a particularly strict high school or something.",3834,1176
187stf6,Anyone else been unhappy in almost every job they've worked at?,,3791,603
18j3vfh,"At least half the time I read posts here, I think it's a mislabeled mental health sub.",,3687,312
18rqqw9,"Stop saying Millennials born years and years apart have nothing in common. Rugrats aired from 1990 to 2004, thus we were all kids watching Rugrats at some point, all of us. We are in fact The Rugrats Generation. This is my Grand Millennial Rugrats Unification Theory.",,3591,530
18k8elt,I hope this meme finds you well. Don‚Äôt forget to take an aspirin for your back today,Deep down aren‚Äôt we all really just Marv?,3496,341
193byhx,"Nothing better solidifies my place as an old, out of touch, white guy than the Stanley Tumbler craze","Look, I was young once. I remember wanting to participate in cultural gimmicks like the iPod and Moleskine notebooks, but I just don't get the Stanley Tumbler craze. They aren't even good water bottles. They are expensive, heavy, the straws are hard to clean well, they spill. Seriously, why does my 7yo girl and 42 yo wife even want one? What's the attraction?

Now if you excuse me, I'm going to go buy some higher waist pleated pants. The rest of ya'll can get off my lawn.  


Edit: I think this might just be the most Millennial conversation this community has had. ya'll have a good day!",3483,1314
18sxs9d,95 Millennial; Anyone else slowly weening themselves digitally?,"**Facebook**: Deleted Facebook back in maybe 2013. There was just no point anymore and by that point it was already a cesspool. The *idea* of keeping up with family is cool but at the same...do i really care what my second cousin whose been to jail 20+ times is up to? I damn near missed my 10 year Highschool reunion because the invites were only sent on Facebook, thankfully my friend groupchat let us all know.

**Twitter/X:** It was bad enough during the 2016 election, but once the pandemic rolled around i finally was ready to pull the plug. I briefly returned and its just not fun anymore. Maybe it was more fun back in college/High School when we had our little local Twitter space. 

**Instagram:** Deactivated it last night. I sincerely don't see the point and the search page is just Tiktok lite. Might go back because i enjoy meme pages but thats really it. I also really don't like Meta's practices.

**Discord:** Tried to get into some communities but i don't feel much connection digitally. Maybe for a smaller niche community but i'm over it. My friend use discord to hang out but i've been sitting out on that because i'd rather just...talk in person.

**Dodged Bullets:** Snapchat, Tiktok, Vine. Never got into them, didn't see the point.

**Dating Apps:** All of them, they just suck. It feels very fake. I'd rather just go to speed dating. Fun fact: [Match Group](https://en.wikipedia.org/wiki/Match_Group) owns Tinder, Hinge, Ok Cupid, and Plenty of Fish. 

Reddit is fine enough i suppose.

It is interesting that people are always talking about a loneliness epidemic and at the same time we use all these various apps to facilitate interactions that would otherwise have to be in person. You can date, shop, eat, be entertained, etc. from the comfort of your home. I think this could also be related to the dwindling presence of ""third places"".",3410,1139
16u4dv2,Inflation is slowly sucking us dry. When is it going to end?,"Am I the only one depressed with this shrinkflation and inflation that‚Äôs going on? Doubtful, I know..  I‚Äôm buying food to feed two kids aged 9 and 4, and two adults. We both work, we‚Äôre doing okay financially but I just looked at how much I spent on groceries this month. We are near $700. Before Covid I was spending no more than $400. On top of the increase, everything has gotten smaller ffs

This is slowly becoming an issue for us. We‚Äôre not putting as much into savings now. We noticed we‚Äôre putting off things more often now. We have home improvements that need to be done but we‚Äôre putting it off because of the price.

We don‚Äôt even go out to eat anymore. We used to get the tacos and burritos craving pack from taco bell on fridays for $10, now it‚Äôs $21! Fuck.. the price of gas is $5 a gallon so no more evening drives or weekend sight seeing.

It‚Äôs eating away at us slowly. When is it going to end?

ETA: lots of comments and opinions here! I appreciate it all. I don‚Äôt really know what else to say. Everything sucks and we just have to live through it. I just got overwhelmed with it all. I wish we knew how to fight the fight to see change for our generation. I hope everyone stays safe and healthy.",3382,2899
18nprrb,"Is anyone else doing okay, but slowly starting to see things get worse and worse for your friends?","Now that we're about 10 years out of college, I feel like I'm seeing the gap between those who are doing well and those who aren't widen rapidly.

Some friends got the great career, great relationship, living in a decent department or managed to snag a house, they're doing well.

But more and more of my friends have stagnated in a dead-end job, permanently single or heading towards breakups and divorces, clearly falling into huge depression. A few friends struggling with complicated child custody situations.

I'm feeling some survivors guilt because I'm doing okay right now, but some of my best friends are struggling really hard and I don't know what I can do for them other than listen. And I just feel like as time goes on, this is going to get worse and worse. Some of these friends don't see a light at the end of the tunnel, I make extra efforts to check in on them often.

I used to only have one or two friends who were depressed and struggling but... it's spreading for sure.

Is anyone else experiencing the same thing?",3369,1054
17oewej,I‚Äôm a fairly well off millennial but these house prices show the prior generations‚Äô greed,,3299,1543
17t25dk,Has any millennial got sick and tired of what Linkedin has become?,"I know people that they list their employee on Linkedin but they dont use it anymore. When I look on my posts feed, its people glorifying corporate work culture. You always have people wanting to become these influencers and wisdom work place gurus. Its just so cringe for me. Its no different than Facebook and Instagram now. I only keep it so employers can message me.",3294,597
186ynhz,"What's up with all the ""I'm f*cking rich and a millennial, will the working class majority stfu"" posts?","Basically that's the crux of the weekly 

>This sub is so sad :'(

>Hey, who here's ~~rich, living in a bubble, and not remotely struggling in life~~ ""happy"" like me!?

Like, mate, if normal people talking about the actual experience of living through an era of crisis and decline bothers you so much why not just....not read their posts or comments? Does feeling happy about being rich require everyone else feeling happy about being poor? Do you need everyone living in the wasteland dancing and singing with joy to help convince you that the bubble will never burst? 

Rich people already don't gaf if we live or die, now they want us to shut up and pretend everything is okay even when posting online on our down time?

**Edit:**

>Make thread pointing out problem

>Majority of comments basically amount to ""Idk what you mean üòé"", ""Boostraps!"", and ""Fuck you, I GOT MINE!!!""

I rest my case üòå",3290,1587
18n3tmp,Anyone else feel like they'll never use tik tok despite everyone else using it?,"No matter how popular tik tok is or how many people use it, it doesn't interest me. I feel like I'm one of the few hold outs now  
But I have absolutely no interest to use it, and I feel I never will. From what I've seen it just seems to be a breeding ground of brain rot and weird people. Plus dangerous challenges. Videos that lower your attention span  
I'm never the type of person to do stuff simply because it's popular. But I feel like everyone else has joined tik tok  
Anyone else out there?

  
Edit: Plus that fucking AI voice that reads text out loud is annoying as hell",3126,1277
187uefm,Interesting thought experiment will give you motivation or existential dread,,3008,332
18yk7gy,"A house where I live is $550k average, yet the average income is $65k. How is everybody getting approved for their homes?","I saw somewhere if you want a $200k home, your income should be about $75k to be comfortable. Where I live, the homes are selling for $550k and that means you better be making well into the 6 digits, yet the average income is $65k. That is what is stumping me....how are people getting approved for these homes?!

Edit: where I live in Utah, its actually median income household at $50 - 75k with about 0% built-homes under $200k. so thats great. We also have 24.6% of the population living below poverty line. Yay! ",2996,2010
1803qx6,"Unpopular Opinion: You can't bemoan your lack of a ""village"" while also not contributing to the ""village""","This sub's daily cj over children/families usually involves some bemoaning of the ""village"" that was *supposed* be there to support y'all in your parenthood but ofc has cruelly let you down.

My counterpoint is that too many people, including many of our fellow Millennials, want a ""village"" only for the things that ""village"" can do for them, with no expectation of reciprocating. You can't expect your parents and in-laws to provide free childcare, while never putting a toe out of line and having absolutely no influence over your kids. You can't expect your friends to cook and clean for you so you can recover after childbirth, and then not show up for them, or slowly ghost them as they no longer fit into your new mommy/daddy lifestyle. 

Some of the mentalities I see on Reddit on subs like AITA are just shocking. ""My MIL wants to hold my baby, how do I make my husband go NC and move to the other side of the planet"", ""my family has holiday traditions that slightly inconvenience me, this is unacceptable and I will cut them off from their grandkids if they don't cater to me"", and the endless repetition of ~narcissist narcissist~, ~gaslighting gaslighting~, ~boundaries boundaries~, until such concepts have become more meaningless buzzwords.

EDIT: To anyone who's about to comment ""Well **I** don't want a ""village"" and **I** never asked for one."" Well congratulations, this post doesn't apply to you. Not everything's about you. Have some perspective.",2988,702
yj84jx,"90s Kid meets Lara Croft, Tomb Raider.",,2991,288
189b5r1,This sub seems to think that ‚ÄúThings were better in the past‚Äù,,2957,562
198a38n,Is anyone else just tired of working? I can‚Äôt seem to put together enough motivation.,"In my early 30s and the entire concept of work is starting to wear me down. I have been working since 16 and all the energy in me is starting to fade. I have done well in my career and even though I am more skilled than I need to be there is still pressure to advance and do more, take more responsibilities. 

I am just getting tired of it all. The concept of work. I do take vacations but the kind of tired I feel is almost on an ideological level.",2910,917
194t1wi,The nineties are the new fifties. Anyway have a great night!,,2904,288
195uxwd,Older millennials - have you come to terms with ‚Äúride-or-die‚Äù friends now being a memory?,"This happened to both my close friends whom have settled down with spouses & kids as well as single bachelors. I didn‚Äôt want to admit it that I was watering a dead plant for a few years after everyone moved away coming out if the pandemic, but I actually now prefer having loose social connections. I tried rebuilding my social life after my last breakup with meetups and although i met some good people I‚Ä¶just‚Ä¶.didn‚Äôt have the desire to start new close friendships anymore. I‚Äôve come to terms that I‚Äôve aged and changed.

Late ‚Äò20s we‚Äôd be out getting drunk every weekend, fast forward 10 years later we still trust and wish good will upon each other but it‚Äôs sporadic (but meaningful) texts and a phone call a few times per year.

I think the atomization of society has won and I prefer it now.",2888,865
17se109,""" Whoopi Goldberg tells Millennials ... that the reason they can‚Äôt get on the housing ladder is because they ‚Äúonly want to work four hours‚Äù a day"" ... thought she was cool, but I guess she's on the shit list now",,2882,621
1904zjv,New Middle Age For Males in US is 36 Years Old?! When did this happen?!,"Something on the Internet made me look this up.

I'm middle age...WTF?!

When did this happen?!",2873,944
180n0qf,"Millennials say they need $525,000 a year to be happy. A Nobel prize winner's research shows they're not wrong.",,2862,774
